,Observed GMSL [lower],Observed GMSL [mean],Observed GMSL [upper],Sum of contributors [lower],Sum of contributors [mean],Sum of contributors [upper],Steric [lower],Steric [mean],Steric [upper],Glaciers [lower],Glaciers [mean],Glaciers [upper],Greenland Ice Sheet [lower],Greenland Ice Sheet [mean],Greenland Ice Sheet [upper],Antarctic Ice Sheet [lower],Antarctic Ice Sheet [mean],Antarctic Ice Sheet [upper],Terrestrial Water Storage [lower],Terrestrial Water Storage [mean],Terrestrial Water Storage [upper],Reservoir impoundment [lower],Reservoir impoundment [mean],Reservoir impoundment [upper],Groundwater depletion [lower],Groundwater depletion [mean],Groundwater depletion [upper],Natural TWS [lower],Natural TWS [mean],Natural TWS [upper],Altimetry [lower],Altimetry [mean],Altimetry [upper]
1900,"-203,557266615603","-173,261442091774","-141,002807032821","-199,227905273438","-173,090774536133","-146,75537109375","-58,6663055419922","-48,2793502807617","-37,5529174804687","-95,5","-79,5536956787109","-62,5","-58,7999992370605","-48,0644264221191","-37,4000015258789","-16,1499996185303","-9,49485301971436","-3,29999995231628","2,79999995231628","12,3268260955811","21,7999992370606","17,1000003814697","25,66184425354","34,3499984741211","-16,5499992370606","-12,482123374939","-8,19999980926514","-3,90000009536743","-2,06347131729126",0,,,
1901,"-201,018509148266","-168,801675260069","-135,897609137842","-195,460754394531","-170,245468139648","-144,462432861328","-58,7551460266113","-49,1448974609375","-38,8496017456055","-94,5999984741211","-78,7038116455078","-61,7999992370605","-58,9500007629395","-48,179386138916","-37,5999984741211",-16,"-9,4403247833252","-3,29999995231628","5,75","15,2467041015625","24,7000007629395","17,1000003814697","25,648962020874","34,3499984741211","-16,5","-12,4559860229492","-8,19999980926514","-1,25","0,809499084949493",3,,,
1902,"-212,074044218482","-180,389966950043","-148,213823998375","-193,369812011719","-168,421829223633","-142,79167175293","-59,1550178527832","-49,8775596618652","-39,8888282775879","-93,5","-77,843635559082","-61,2000007629395","-58,6500015258789","-47,8616981506348","-37,4500007629395","-15,8999996185303","-9,38560581207275","-3,29999995231628","7,15000009536743","16,5708084106445","26,1000003814697","17,1000003814697","25,6352405548096","34,2999992370605","-16,5","-12,4287490844727","-8,14999961853027",0,"2,10928869247436","4,40000009536743",,,
1903,"-202,697563869399","-170,267832246364","-138,93051820781","-193,189880371094","-168,557556152344","-143,225799560547","-60,9850120544434","-51,1005897521973","-40,815860748291","-92,8499984741211","-77,2720947265625","-60,5499992370605","-58,2000007629395","-47,4535484313965","-36,9500007629395","-15,8000001907349","-9,33183002471924","-3,29999995231628","7,15000009536743","16,62428855896","26,1000003814697","17,1000003814697","25,6253852844238","34,2999992370605","-16,4500007629395","-12,399525642395","-8,14999961853027",0,"2,1423487663269","4,59999990463257",,,
1904,"-200,167015056873","-168,720070891968","-137,45012239734","-193,112182617188","-168,372360229492","-142,754592895508","-62,5857124328613","-52,240177154541","-41,3792533874512","-91,8000030517578","-76,4307403564453","-59,7999992370606","-56,2000007629395","-46,6265563964844","-37,4000015258789","-15,6499996185303","-9,27763557434082","-3,29999995231628","6,69999980926514","16,2270450592041","25,7000007629394","17,1000003814697","25,6140003204346","34,2999992370605","-16,3999996185303","-12,3705368041992","-8,10000038146973","-0,300000011920929","1,7308429479599",4,,,
1905,"-192,131255104329","-160,981428722675","-130,351450782292","-190,909164428711","-167,325393676758","-142,610641479492","-62,0167808532715","-53,0252189636231","-43,1771545410156","-90,6999969482422","-75,4351043701172","-58,8499984741211","-55,0999984741211","-46,4172058105469","-37,9500007629395","-15,5500001907349","-9,22311592102051","-3,29999995231628","7,30000019073486","16,7994556427002","26,3999996185303","17,1000003814697","25,598295211792","34,25","-16,3500003814697","-12,3389320373535","-8,10000038146973","0,25","2,28271484375","4,5",,,
1906,"-205,926483551919","-175,605266335879","-144,489375720921","-193,755157470703","-168,996017456055","-143,617767333984","-64,6522750854492","-54,0007514953613","-43,2213897705078","-89,6999969482422","-74,6353073120117","-58,0499992370605","-54,4500007629395","-45,9562873840332","-37,5","-15,3999996185303","-9,16859149932861","-3,34999990463257","5,30000019073486","14,7910671234131","24,3500003814697","17,0499992370606","25,5826473236084","34,25","-16,3500003814697","-12,3076438903809","-8,10000038146973","-1,85000002384186","0,280351370573044","2,59999990463257",,,
1907,"-200,836081206149","-169,269222500189","-139,961310728058","-192,495544433594","-168,929626464844","-144,416564941406","-64,316162109375","-54,6380844116211","-44,8140487670898","-88,9000015258789","-73,9832611083984","-57,6500015258789","-54,2000007629395","-45,5907402038574","-37,25","-15,3000001907349","-9,11427879333496","-3,34999990463257","4,94999980926514","14,42116355896","23,8500003814697","17,0499992370606","25,5719127655029","34,2000007629395","-16,2999992370606","-12,276496887207","-8,05000019073486","-2,29999995231628","-0,105469219386578","2,20000004768372",,,
1908,"-214,93706570236","-184,1125088215","-152,597871739607","-191,000946044922","-167,252563476563","-142,998626708984","-65,6385650634766","-55,2219467163086","-44,4686241149902","-87,9499969482422","-73,1934509277344","-57,0499992370606","-53,4500007629395","-44,8806304931641","-36,5499992370605","-15,1499996185303","-9,06019496917725","-3,34999990463257","5,69999980926514","15,1281871795654","24,6499996185303","17,0499992370606","25,5563011169434","34,2000007629395","-16,25","-12,2430639266968","-8,05000019073486","-1,45000004768372","0,574958086013794","2,79999995231628",,,
1909,"-208,986879760794","-178,725951371542","-146,498860114352","-189,148315429688","-166,104110717773","-142,313583374023","-66,4054641723633","-56,3041191101074","-46,2988777160645","-86,9499969482422","-72,4466094970703","-56,4000015258789","-51,7000007629395","-44,307487487793","-37,1500015258789","-15,0500001907349","-9,00573539733887","-3,40000009536743","6,55000019073486","15,9836368560791","25,5","17,0499992370606","25,5359401702881","34,1500015258789","-16,2000007629395","-12,2082214355469","-8,05000019073486","-0,800000011920929","1,40468108654022","3,75",,,
1910,"-207,385068045998","-177,12147330986","-145,529538817211","-188,182373046875","-165,385879516602","-142,627532958984","-66,6151504516602","-57,1543884277344","-46,9388961791992","-86,25","-71,751091003418","-55,7999992370606","-49,4500007629395","-43,8577003479004","-38,2999992370605","-14,9499998092651","-8,95154094696045","-3,40000009536743","6,84999990463257","16,3533573150635","26,0499992370605",17,"25,5154571533203","34,1500015258789","-16,1499996185303","-12,1735391616821",-8,"-0,25","1,75678670406342","4,05000019073486",,,
1911,"-191,810815846452","-161,718567617054","-131,373053812539","-186,856399536133","-164,058349609375","-142,171966552734","-67,1920928955078","-57,2058372497559","-46,9418983459473","-85,1500015258789","-70,8619689941406","-55,0499992370605","-49,2999992370605","-43,7856597900391","-38,2999992370605","-14,8500003814697","-8,8970890045166","-3,40000009536743","7,25","16,7166271209717","26,25",17,"25,4640827178955","34,0499992370605","-16,1000003814697","-12,1356315612793","-7,94999980926514",0,"2,13333415985107","4,5",,,
1912,"-182,919773673549","-154,065540751537","-124,075425521291","-185,062927246094","-162,85563659668","-140,053741455078","-66,7567901611328","-57,1497955322266","-46,997989654541","-84,25","-70,1114501953125","-54,4000015258789","-48,75","-43,2603530883789","-37,75","-14,75","-8,84277153015137","-3,45000004768372","7,15000009536743","16,5323028564453","25,8500003814697","16,9500007629395","25,4379901885986","34,0499992370605","-16,0499992370606","-12,0973558425903","-7,94999980926514","-0,200000002980232","1,9375684261322","4,19999980926514",,,
1913,"-176,306306619075","-146,447900040648","-117,01831572795","-184,694305419922","-162,253814697266","-139,826416015625","-65,8615188598633","-56,5673637390137","-46,7730178833008","-83,4000015258789","-69,4271011352539","-53,75","-48,2999992370606","-42,9211730957031","-37,4000015258789","-14,6000003814697","-8,78879451751709","-3,45000004768372",6,"15,4751615524292","24,75","16,9500007629395","25,4156436920166",34,-16,"-12,0601272583008","-7,90000009536743","-1,25","0,874196648597717","3,04999995231628",,,
1914,"-173,511031160094","-144,456942950489","-115,374869486517","-180,546936035156","-158,436859130859","-136,82487487793","-66,0317459106445","-55,5248947143555","-44,9261703491211","-82,0999984741211","-68,2949142456055","-52,8499984741211","-48,0999984741211","-42,7630882263184","-37,4500007629395","-14,4499998092651","-8,73442840576172","-3,45000004768372","7,34999990463257","16,9045944213867","26,4500007629394","16,9500007629395","25,3889808654785",34,"-15,9499998092651","-12,0219297409058","-7,90000009536743","0,25","2,28197479248047","4,59999990463257",,,
1915,"-169,158950934538","-140,947332505697","-111,326101202291","-176,951049804688","-155,361923217773","-133,538787841797","-65,1543273925781","-55,2666091918945","-44,8384323120117","-80,4499969482422","-66,7452621459961","-51,6500015258789","-47,7000007629395","-42,4405937194824","-37,25","-14,3500003814697","-8,68011379241943","-3,45000004768372","8,35000038146973","17,7946147918701","27,2000007629395","16,9500007629395","25,3700523376465","33,9500007629395","-15,8999996185303","-11,9815855026245","-7,84999990463257",1,"3,14811754226685","5,44999980926514",,,
1916,"-195,311960871941","-167,257957191162","-138,231398151251","-177,302627563477","-156,102203369141","-133,984497070313","-64,7333297729492","-54,912712097168","-44,8218269348145","-79,1500015258789","-65,744270324707","-50,5999984741211","-47,5499992370605","-42,2654724121094","-37,0999984741211","-14,1999998092651","-8,62592697143555","-3,45000004768372","5,90000009536743","15,4715518951416","24,7999992370605","16,8999996185303","25,3470497131348","33,9000015258789","-15,8500003814697","-11,9407558441162","-7,80000019073486","-1,29999995231628","0,820296168327332","3,09999990463257",,,
1917,"-185,026380568813","-157,399146907858","-128,191050035741","-178,39762878418","-156,763595581055","-135,522613525391","-64,6296463012695","-54,6973495483398","-44,2101211547852","-77,6500015258789","-64,5502471923828","-49,5","-46,75","-41,5777206420898","-36,4500007629395","-14,1000003814697","-8,57217693328857","-3,45000004768372","3,25","12,6587963104248","22,1000003814697","16,8999996185303","25,3376026153564","33,9000015258789","-15,8000001907349","-11,8968725204468","-7,75","-4,15000009536743","-1,99456357955933","0,300000011920929",,,
1918,"-180,958512359687","-153,364538581145","-125,153595878341","-174,198638916016","-153,314102172852","-131,560668945313","-64,7412109375","-54,7230033874512","-44,3601303100586","-76,1999969482422","-63,5014457702637","-48,7000007629395","-46,5999984741211","-41,4685707092285","-36,4500007629395",-14,"-8,51727867126465","-3,5","5,44999980926514","14,9212245941162","24,3500003814697","16,8999996185303","25,3100776672363","33,9000015258789","-15,75","-11,8542032241821","-7,75","-2,04999995231628","0,229924514889717","2,45000004768372",,,
1919,"-175,284792932382","-146,923537327046","-119,032139485817","-171,292999267578","-150,647567749023","-128,902359008789","-64,8363418579102","-54,9363174438477","-44,826774597168","-75,1999969482422","-62,633960723877","-47,9500007629395","-46,3499984741211","-41,3027076721191","-36,3499984741211","-13,8999996185303","-8,46277713775635","-3,5","7,25","16,7130126953125","26,1000003814697","16,8999996185303","25,300745010376","33,8499984741211","-15,6999998092651","-11,8137702941895","-7,75","-0,0500000007450581","1,96964693069458","4,15000009536743",,,
1920,"-164,773870141381","-138,296323517219","-110,451878618829","-170,909301757813","-150,334518432617","-128,86213684082","-64,5931167602539","-54,8071098327637","-45,1482810974121","-74,5500030517578","-62,1116485595703","-47,4500007629395","-46,1500015258789","-41,1231994628906","-36,25","-13,75","-8,40923976898193","-3,5","6,80000019073486","16,1423206329346","25,3999996185303","16,8500003814697","25,2915706634521","33,8499984741211","-15,6499996185303","-11,7676191329956","-7,69999980926514","-1,04999995231628","1,36869263648987","3,75",,,
1921,"-165,474256189099","-138,624636636928","-111,979631375648","-169,615264892578","-150,146530151367","-129,397994995117","-63,0476188659668","-55,0321235656738","-45,98583984375","-73,9499969482422","-61,4979591369629","-47,0499992370606",-46,"-40,9641456604004","-36,0499992370605","-13,6499996185303","-8,35495853424072","-3,5","6,19999980926514","15,7267036437988","25,1499996185303","16,8500003814697","25,2676792144775","33,7999992370605","-15,5500001907349","-11,7227306365967","-7,65000009536743","-1,14999997615814","0,935137689113617","3,20000004768372",,,
1922,"-167,301940289172","-140,169819216061","-112,668114188467","-169,465805053711","-150,004135131836","-129,770278930664","-63,4203453063965","-55,0923843383789","-46,4471092224121","-73,1500015258789","-60,7542953491211","-46,3499984741211","-46,0499992370606","-41,1604042053223","-36,2999992370605","-13,5500001907349","-8,30026340484619","-3,5",6,"15,3286514282227","24,7999992370605","16,8500003814697","25,2557201385498","33,7999992370605","-15,5","-11,6761274337769","-7,59999990463257","-1,64999997615814","0,510460078716278","2,84999990463257",,,
1923,"-182,63830380557","-154,973060611062","-126,286834164038","-170,58430480957","-150,878051757813","-130,927871704102","-63,595630645752","-55,5236320495605","-47,0243682861328","-71,8000030517578","-59,5633544921875","-45,3499984741211","-45,75","-40,8368225097656","-36,0499992370605","-13,3999996185303","-8,24649620056152","-3,45000004768372","3,90000009536743","13,3177042007446","22,5499992370605","16,8500003814697","25,242073059082","33,7999992370605","-15,4499998092651","-11,6307249069214","-7,59999990463257","-3,59999990463257","-1,50875377655029","0,699999988079071",,,
1924,"-174,977025457341","-149,715508320625","-123,54101277538","-167,801513671875","-148,220779418945","-128,116912841797","-63,9615745544434","-55,4538688659668","-46,1632537841797","-70,6999969482422","-58,6226196289063","-44,5499992370606",-45,"-40,2499122619629","-35,5499992370605","-13,25","-8,19162845611572","-3,45000004768372","5,09999990463257","14,321928024292","23,6000003814697","16,7999992370606","25,2213020324707","33,75","-15,3999996185303","-11,5834484100342","-7,55000019073486","-2,59999990463257","-0,539476335048676","1,70000004768372",,,
1925,"-180,609039359791","-154,365164995044","-127,741920688829","-165,905776977539","-146,287322998047","-126,172340393066","-63,418872833252","-54,7929039001465","-45,6027717590332","-69,5500030517578","-57,6890029907227","-43,7000007629395","-44,75","-40,0580673217773","-35,3499984741211","-13,1499996185303","-8,13779544830322","-3,45000004768372","4,94999980926514","14,4157066345215","23,6000003814697","16,7999992370606","25,1930313110352","33,75","-15,3500003814697","-11,5347471237183","-7,55000019073486","-2,45000004768372","-0,468246817588806","1,70000004768372",,,
1926,"-179,18750147137","-155,032203457062","-129,545864814368","-163,537719726563","-144,097793579102","-123,969596862793","-62,4514694213867","-53,948314666748","-45,0085945129395","-68,25","-56,6262054443359","-42,7999992370606","-43,6500015258789","-39,0378761291504","-34,4000015258789","-13,0500001907349","-8,08268928527832","-3,45000004768372","4,19999980926514","13,6218509674072","22,8500003814697","16,7999992370606","25,1526718139648","33,7000007629395","-15,25","-11,4865312576294","-7,5","-3,40000009536743","-1,26205503940582","1,04999995231628",,,
1927,"-172,167945120521","-148,160054025337","-123,525941215064","-161,300888061523","-142,634490966797","-122,810394287109","-61,8415679931641","-53,4302177429199","-44,3987922668457","-66,9000015258789","-55,4938850402832","-41,75","-42,9000015258789","-38,2841606140137","-33,6500015258789","-12,8999996185303","-8,02906513214111","-3,5","3,34999990463257","12,6289854049683","21,75","16,75","25,1146984100342","33,6500015258789","-15,1999998092651","-11,4336071014404","-7,44999980926514","-4,5","-2,26151990890503",0,,,
1928,"-175,289387495947","-150,637486958889","-125,271635404892","-156,824798583984","-138,087631225586","-119,031295776367","-61,1385650634766","-52,7105865478516","-43,8434791564941","-65,5500030517578","-54,4712791442871","-40,7999992370606","-41,7000007629395","-37,1605072021484","-32,6500015258789","-12,8000001907349","-7,97521114349365","-3,5",5,"14,2547645568848","23,5","16,75","25,0935401916504","33,5999984741211","-15,1499996185303","-11,3845272064209","-7,40000009536743","-2,79999995231628","-0,676620900630951","1,54999995231628",,,
1929,"-175,712065346862","-151,329395558737","-127,633751996416","-152,905120849609","-134,90983581543","-116,049011230469","-60,3054809570313","-52,3774185180664","-43,3902359008789","-64,25","-53,4962768554688","-39,7999992370605","-40,5499992370605","-36,1322822570801","-31,75","-12,6999998092651","-7,92100763320923","-3,5","5,84999990463257","15,041353225708","24,1000003814697","16,7000007629394","25,0741539001465","33,5499992370605","-15,1000003814697","-11,3313550949097","-7,40000009536743",-2,"0,064504362642765","2,25",,,
1930,"-170,005986452283","-146,430963048914","-122,127606280577","-150,079086303711","-131,749862670898","-112,276306152344","-59,9333915710449","-52,0035743713379","-43,0997085571289","-63,1500015258789","-52,5349235534668","-38,9500007629395","-39,9500007629395","-35,518871307373","-31,1499996185303","-12,5500001907349","-7,86634635925293","-3,5","7,15000009536743","16,1983528137207","25,2999992370605","16,7000007629394","25,0328617095947","33,5",-15,"-11,2797555923462","-7,34999990463257","-0,850000023841858","1,19630575180054","3,34999990463257",,,
1931,"-170,237198587876","-146,11008564429","-121,605718270326","-146,326644897461","-128,231750488281","-109,053237915039","-59,7819213867188","-51,6781578063965","-43,3929328918457","-61,6500015258789","-51,2186622619629","-37,75","-38,0499992370605","-33,674861907959","-29,3500003814697","-12,4499998092651","-7,81262254714966","-3,5","7,05000019073486","16,1761798858643","25,4500007629394","16,6499996185303","24,9853210449219","33,4000015258789","-14,8999996185303","-11,2254056930542","-7,30000019073486","-1,04999995231628","1,16788029670715","3,40000009536743",,,
1932,"-155,392679020544","-131,792953515291","-107,800056448326","-144,19758605957","-126,045768737793","-107,521224975586","-59,3668518066406","-51,2971992492676","-42,6980781555176","-60,5","-50,2873497009277","-37,1500015258789","-37,0499992370605","-32,6980094909668","-28,3999996185303","-12,3000001907349","-7,7573413848877","-3,5","6,90000009536743","16,0199928283691","25,3500003814697","16,6499996185303","24,9540748596191","33,4000015258789","-14,8500003814697","-11,1659059524536","-7,25","-1,14999997615814","0,986799359321594","3,29999995231628",,,
1933,"-162,146460701383","-137,930124577712","-113,893058856788","-141,616119384766","-123,57341003418","-104,800552368164","-59,1736450195313","-50,8522186279297","-42,2210731506348","-59,4500007629395","-49,3789787292481","-36,3499984741211","-35,8499984741211","-31,6011600494385","-27,3500003814697","-12,1999998092651","-7,70349550247192","-3,5","6,90000009536743","15,9875783920288","25,1000003814697","16,6000003814697","24,9292106628418","33,3499984741211","-14,8000001907349","-11,1121530532837","-7,19999980926514","-1,10000002384186","0,924553990364075","3,25",,,
1934,"-173,866526515692","-151,130100898396","-127,395513726995","-139,931060791016","-122,356468200684","-103,23307800293","-59,4140663146973","-50,7130470275879","-41,1722450256348","-58,5499992370606","-48,6411323547363","-35,75","-34,8499984741211","-30,6451110839844","-26,4500007629394","-12,1000003814697","-7,64887523651123","-3,54999995231628","6,25","15,3167638778687","24,4500007629394","16,6000003814697","24,8723163604736","33,2999992370605","-14,6999998092651","-11,0546169281006","-7,19999980926514","-1,79999995231628","0,262765020132065","2,5",,,
1935,"-162,852930232642","-138,775624941667","-116,214060135983","-137,525970458984","-120,611862182617","-102,202178955078","-58,1727142333984","-50,053581237793","-41,9317169189453","-57,5499992370605","-47,7617683410645","-34,9000015258789","-33,7000007629395","-29,52956199646","-25,2999992370605","-11,9499998092651","-7,59486293792725","-3,54999995231628","5,09999990463257","14,35338306427","23,3999996185303","16,5","24,7619075775146","33,1500015258789","-14,6499996185303","-10,9960460662842","-7,15000009536743","-2,79999995231628","-0,638418197631836","1,54999995231628",,,
1936,"-167,897222201619","-144,595059568191","-122,101551408208","-133,006774902344","-115,317123413086","-96,4756927490234","-57,2580070495606","-49,0133399963379","-40,1126365661621","-56,25","-46,6928520202637","-33,9000015258789","-32,4000015258789","-28,2772159576416",-24,"-11,8500003814697","-7,54082775115967","-3,54999995231628","7,15000009536743","16,2323455810547","25,3500003814697","16,5","24,7165451049805","33,0999984741211","-14,5500001907349","-10,9355430603027","-7,09999990463257","-0,850000023841858","1,20238089561462","3,40000009536743",,,
1937,"-158,268340568374","-135,365486827454","-113,531574913407","-129,45964050293","-112,43238067627","-94,4918746948242","-55,6625900268555","-47,8486595153809","-39,5100250244141","-55,0999984741211","-45,7527961730957","-32,9500007629395","-31,6000003814697","-27,6211814880371","-23,5","-11,6999998092651","-7,48698234558106","-3,5","7,40000009536743","16,3011074066162","25,2000007629394","16,4500007629395","24,6712226867676","33,0499992370605","-14,4499998092651","-10,8745193481445","-7,05000019073486","-0,699999988079071","1,25473296642303","3,40000009536743",,,
1938,"-147,758680820872","-125,868059106005","-103,666561416256","-127,663238525391","-110,421180725098","-91,6904449462891","-55,3340339660645","-46,6256217956543","-37,6500282287598","-54,0499992370606","-44,7735824584961","-32,0999984741211","-31,25","-27,210391998291","-23,1499996185303","-11,6000003814697","-7,43171358108521","-3,5","6,65000009536743","15,6449480056763","24,4500007629394","16,3999996185303","24,6004657745361","32,9500007629395","-14,3999996185303","-10,8136529922485",-7,"-1,5","0,61680394411087","2,95000004768372",,,
1939,"-142,782334807256","-121,688805799496","-99,9537598186253","-125,535949707031","-107,962547302246","-90,0185089111328","-53,699089050293","-45,200366973877","-36,3117485046387","-53,2000007629395","-43,992977142334","-31,3999996185303","-30,75","-26,7335777282715","-22,75","-11,4499998092651","-7,37794017791748","-3,5","6,40000009536743","15,3681688308716","24,25","16,3500003814697","24,5604782104492","32,9000015258789","-14,3500003814697","-10,7479829788208","-6,94999980926514","-1,89999997615814","0,317433536052704","2,65000009536743",,,
1940,"-153,91270415598","-132,358422279248","-111,536834819012","-121,705123901367","-104,677810668945","-86,7267227172852","-51,9558181762695","-43,8754959106445","-35,3019599914551","-52,0999984741211","-43,0423202514648","-30,5","-30,3500003814697","-26,3138961791992","-22,3500003814697","-11,3500003814697","-7,32364082336426","-3,5","6,94999980926514","15,9025611877441",25,"16,3500003814697","24,5153751373291","32,8499984741211","-14,25","-10,6825637817383","-6,90000009536743","-1,25","0,824583232402802","3,04999995231628",,,
1941,"-138,08978441625","-117,014493859124","-96,1256903710813","-119,310958862305","-102,208869934082","-84,0998840332031","-51,4716529846191","-43,1102981567383","-34,3996925354004","-50,9000015258789","-42,004753112793","-29,5499992370606","-29,6499996185303","-25,6923370361328","-21,7999992370606","-11,1999998092651","-7,26977920532227","-3,54999995231628","7,05000019073486","15,8929767608643","24,7999992370605","16,25","24,3515968322754","32,5999984741211","-14,1499996185303","-10,6170358657837","-6,84999990463257","-1,10000002384186","0,913153231143951","3,25",,,
1942,"-136,661239361023","-116,86162691446","-96,277878729467","-118,032684326172","-100,482940673828","-82,4202423095703","-49,9024391174316","-41,8537979125977","-33,0896759033203","-49,75","-41,0631446838379","-28,5499992370606","-29,1499996185303","-25,2123126983643","-21,4500007629394","-11,1000003814697","-7,21550226211548","-3,54999995231628","5,94999980926514","14,8864002227783","23,7999992370605","16,1000003814697","24,1667404174805","32,3499984741211","-14,0500001907349","-10,5495643615723","-6,84999990463257","-2,09999990463257","0,0363324694335461","2,25",,,
1943,"-130,793110463757","-110,338215874497","-90,3565768440624","-114,666893005371","-97,7625885009766","-79,6573715209961","-48,3254928588867","-40,2033348083496","-31,5035457611084","-48,5","-39,9757804870605","-27,5","-28,3999996185303","-24,5136985778809","-20,7999992370606",-11,"-7,16039896011353","-3,5","5,19999980926514","14,1151256561279","23,0499992370606","16,0499992370606","24,0699501037598","32,25","-13,9499998092651","-10,4798126220703","-6,80000019073486","-2,75","-0,697461426258087","1,54999995231628",,,
1944,"-138,686267836867","-118,872080593047","-99,5743999612922","-109,817276000977","-93,4615478515625","-76,3768539428711","-46,886116027832","-38,9992561340332","-30,5196914672852","-47,0999984741211","-38,8148498535156","-26,4500007629394","-27,7999992370605","-24,0129337310791","-20,3500003814697","-10,8500003814697","-7,10671472549439","-3,5","6,65000009536743","15,4983291625977","24,5",16,"23,9882183074951","32,1500015258789","-13,8999996185303","-10,4150590896606","-6,75","-1,45000004768372","0,684313952922821","3,09999990463257",,,
1945,"-138,560837582721","-119,171992669776","-99,304991815596","-109,815551757813","-93,4901123046875","-76,6755905151367","-46,6740188598633","-38,8979225158691","-30,7269592285156","-45,9500007629395","-37,8146820068359","-25,7000007629394","-27,75","-23,9710445404053","-20,3500003814697","-10,75","-7,05217361450195","-3,5","5,40000009536743","14,2718133926392","23,1000003814697","15,9499998092651","23,9461765289307","32,0999984741211","-13,8000001907349","-10,3436403274536","-6,69999980926514","-2,70000004768372","-0,553692936897278","1,70000004768372",,,
1946,"-123,3203657705","-104,470507669165","-84,856041794045","-108,956314086914","-92,2648239135742","-74,6075134277344","-47,4353065490723","-39,0097236633301","-30,2440662384033","-44,8499984741211","-36,8812713623047","-24,75","-27,4500007629394","-23,7762413024902","-20,1499996185303","-10,6499996185303","-6,99755191802979","-3,5","5,59999990463257","14,4249677658081","23,1000003814697","15,8999996185303","23,8938121795654",32,"-13,6999998092651","-10,2710304260254","-6,65000009536743","-2,54999995231628","-0,424076855182648","1,95000004768372",,,
1947,"-131,309891968995","-112,54190691461","-94,088063070061","-108,088516235352","-91,8830184936524","-74,9602737426758","-47,7348251342773","-39,5229072570801","-30,9155731201172","-43,7000007629395","-35,8419418334961","-23,7999992370605",-27,"-23,2544803619385","-19,6499996185303","-10,5500001907349","-6,94396495819092","-3,5","4,90000009536743","13,7042274475098","22,5499992370605","15,8999996185303","23,8552188873291","31,9500007629394","-13,6000003814697","-10,1937589645386","-6,55000019073486","-3,25","-1,17416667938232","1,20000004768372",,,
1948,"-123,553146749798","-104,607473699381","-85,9206886428546","-107,527755737305","-91,2931213378906","-74,2565002441406","-48,852611541748","-40,5656204223633","-31,8653221130371","-42,7000007629395","-34,9281387329102","-22,9500007629394","-25,8999996185303","-22,2976245880127","-18,7999992370606","-10,3999996185303","-6,88926219940185","-3,5","4,69999980926514","13,4125270843506","21,9500007629394","15,8500003814697","23,8034992218018","31,8999996185303","-13,5","-10,1184101104736","-6,5","-3,54999995231628","-1,48715686798096","0,649999976158142",,,
1949,"-110,65409797039","-92,3207506943622","-74,1149384915386","-106,212951660156","-89,8876037597656","-72,9452667236328","-48,8892059326172","-41,1618995666504","-32,7088012695312","-41,8499984741211","-34,3086166381836","-22,3500003814697","-24,75","-21,1823120117187","-17,75","-10,3000001907349","-6,83530139923096","-3,5","4,94999980926514","13,6253681182861","22,1499996185303","15,75","23,680139541626","31,75","-13,3999996185303","-10,0425519943237","-6,44999980926514","-3,40000009536743","-1,22950339317322","1,10000002384186",,,
1950,"-114,806884993656","-96,1867296224884","-78,1736008201115","-104,46800994873","-88,3913269042969","-71,5869140625","-48,5752334594727","-40,3329925537109","-31,7433032989502","-40,75","-33,1972122192383","-21,3500003814697","-23,8999996185303","-20,3654155731201","-16,8999996185303","-10,1999998092651","-6,78049230575562","-3,5","3,59999990463257","12,3101081848145","20,75","15,6999998092651","23,6059398651123","31,6499996185303","-13,3000001907349","-9,9598445892334","-6,40000009536743","-4,59999990463257","-2,54666376113892","-0,200000002980232",,,
1951,"-103,994008276643","-85,616138764807","-66,5413781542557","-99,6862335205078","-83,7844543457031","-66,5029602050781","-47,5794677734375","-39,3617515563965","-30,582706451416","-39,9500007629395","-32,4192771911621","-20,5499992370606","-23,1499996185303","-19,6741886138916","-16,3500003814697","-10,0500001907349","-6,72667455673218","-3,5","5,75","14,4237298965454","22,8999996185303","15,6499996185303","23,5114212036133","31,5","-13,1999998092651","-9,87306594848633","-6,34999990463257","-2,65000009536743","-0,441730707883835","1,85000002384186",,,
1952,"-103,724169910245","-85,5780907296087","-67,3268440168537","-97,7754821777344","-81,2845840454102","-63,9510650634766","-46,7443733215332","-38,5685501098633","-30,0312595367432","-38,9000015258789","-31,492546081543","-19,4500007629395","-22,6000003814697","-19,2082614898682","-15,8999996185303","-9,94999980926514","-6,67217826843262","-3,5","6,34999990463257","14,6821002960205","23,1499996185303","15,5","23,2665481567383","31,1499996185303","-13,1000003814697","-9,78513050079346","-6,30000019073486","-2,25","-0,0312710516154766","2,29999995231628",,,
1953,"-97,8890262378268","-79,7711494657342","-61,6661303068223","-96,6829376220703","-80,7582397460937","-64,0984115600586","-46,9258804321289","-38,5581359863281","-29,400728225708","-37,7000007629395","-30,491813659668","-18,5499992370606","-22,1499996185303","-18,7482357025146","-15,5","-9,85000038146973","-6,61793184280396","-3,5","5,44999980926514","13,6827478408813","22,1499996185303","15,3000001907349","23,0095958709717","30,8500003814697","-12,9499998092651","-9,69281101226807","-6,25",-3,"-0,855277359485626","1,35000002384186",,,
1954,"-107,038388149338","-89,9380897221628","-73,0011309313242","-95,0498580932617","-79,3148880004883","-62,7035293579102","-46,8301162719727","-38,3977737426758","-29,7181167602539","-36,8499984741211","-29,6755027770996","-17,75","-21,75","-18,4568004608154","-15,1999998092651","-9,69999980926514","-6,56395101547241","-3,5","5,30000019073486","13,8043518066406","22,25","15,1999998092651","22,8395080566406","30,6000003814697","-12,8500003814697","-9,59641647338867","-6,15000009536743","-2,95000004768372","-0,662952661514282","1,64999997615814",,,
1955,"-104,598871112015","-86,6263691043205","-69,7123516168419","-96,210807800293","-80,6285171508789","-63,8077659606934","-46,1395492553711","-38,4297332763672","-30,1796855926514","-36,3499984741211","-29,2105541229248","-17,5","-21,4500007629394","-18,2277431488037","-15,0500001907349","-9,60000038146973","-6,50937461853027","-3,5","3,5","11,7740020751953","19,8999996185303","14,8999996185303","22,3968524932861","30,0499992370605","-12,75","-9,49783039093018","-6,09999990463257","-4,40000009536743","-2,33627891540527",0,,,
1956,"-116,383118498137","-100,040236124107","-83,8214313108981","-97,4878845214844","-81,6896286010742","-64,9820098876953","-46,0808982849121","-38,1814460754394","-29,6488380432129","-35,3499984741211","-28,3046741485596","-16,4500007629395","-21,0499992370605","-17,8498420715332","-14,75","-9,5","-6,45570611953735","-3,45000004768372","0,899999976158142","9,12769889831543","17,1000003814697","14,75","22,1674671173096","29,75","-12,6000003814697","-9,39780330657959",-6,-7,"-4,85130834579468","-2,45000004768372",,,
1957,"-101,246692726275","-83,943075014655","-66,8428924385379","-93,2514343261719","-79,1589431762695","-63,7457809448242","-41,5478973388672","-37,6677474975586","-32,8166427612305","-34,1500015258789","-27,3199291229248","-15,8500003814697","-20,25","-17,1270751953125","-14,1000003814697","-9,39999961853027","-6,40149211883545","-3,5","1,25","9,38383388519287","17,3999996185303","14,6000003814697","21,9465942382813","29,4500007629394","-12,4499998092651","-9,2946949005127","-5,94999980926514","-6,55000019073486","-4,47780847549439","-2,15000009536743",,,
1958,"-100,49480872173","-85,7277853347008","-71,6417671465525","-84,0252380371094","-71,1031188964844","-56,874324798584","-36,070858001709","-32,8515815734863","-30,5410461425781","-33,1500015258789","-26,5759983062744","-15,3999996185303","-19,6000003814697","-16,4464626312256","-13,3999996185303","-9,30000019073486","-6,34691476821899","-3,45000004768372","3,20000004768372","11,1442546844482","19,1499996185303","14,3000001907349","21,5663242340088","28,9500007629394","-12,3500003814697","-9,18151950836182","-5,84999990463257","-4,55000019073486","-2,45156335830689","-0,0500000007450581",,,
1959,"-97,0033010542357","-82,7312661785781","-68,6357866498349","-86,2714538574219","-72,9523315429688","-57,9720268249512","-39,1173629760742","-34,8890686035156","-30,9977760314941","-32,5","-26,0288562774658","-15,1999998092651","-19,2999992370606","-16,2591514587402","-13,3000001907349","-9,19999980926514","-6,29303169250488","-3,45000004768372","2,75","10,5424880981445","18,2999992370606","13,8500003814697","20,9173049926758","28,1000003814697","-12,1999998092651","-9,07335662841797","-5,80000019073486","-4,65000009536743","-2,51165127754211","-0,0500000007450581",,,
1960,"-90,8014192639052","-76,8683229338112","-63,2249371416046","-81,7667846679688","-69,3491668701172","-55,5432510375977","-35,8150062561035","-32,1537780761719","-29,0142650604248","-31,7000007629394","-25,2823448181152","-14,6499996185303","-18,6000003814697","-15,5732727050781","-12,6499996185303","-9,05000019073486","-6,23816680908203","-3,45000004768372","2,34999990463257","9,92385292053223","17,5499992370606","13,5","20,3613986968994","27,3999996185303","-12,1000003814697","-8,96913433074951","-5,69999980926514","-4,84999990463257","-2,67879819869995","-0,400000005960465",,,
1961,"-90,2899931071762","-77,2147369576539","-63,6712973708309","-78,9197311401367","-66,3401870727539","-52,3108596801758","-33,8516998291016","-30,2775859832764","-26,4543418884277","-30,8500003814697","-24,5346431732178","-14,25","-17,8500003814697","-14,8903169631958","-12,1000003814697","-8,94999980926514","-6,18502950668335","-3,45000004768372","2,09999990463257","9,57247161865234","17,0499992370606","13,3500003814697","20,17751121521","27,1499996185303","-11,9499998092651","-8,86751079559326","-5,65000009536743","-5,05000019073486","-2,94636845588684","-0,699999988079071",,,
1962,"-91,6541005630029","-79,1118795909966","-66,3044956853095","-76,1307983398438","-64,0732803344727","-50,705265045166","-32,6517562866211","-28,9883823394775","-25,9153804779053","-29,9500007629394","-23,7049217224121","-13,4499998092651",-17,"-14,0288820266724","-11,25","-8,80000019073486","-6,12951040267944","-3,45000004768372","1,5","8,80534934997559","16,2000007629395","13,1499996185303","19,8747234344482","26,75","-11,8000001907349","-8,77766513824463","-5,55000019073486","-5,59999990463257","-3,50189995765686","-1,14999997615814",,,
1963,"-91,8723600719571","-78,6913414505047","-65,3983856102413","-77,0927886962891","-64,7499923706055","-51,5995903015137","-34,2613487243652","-30,3230152130127","-26,7568988800049","-29,4500007629394","-23,3449592590332","-13,5500001907349","-16,6000003814697","-13,7888298034668","-11,0500001907349","-8,69999980926514","-6,07591819763184","-3,45000004768372","1,39999997615814","8,80806541442871","16,2000007629395","12,8500003814697","19,4228610992432","26,1000003814697","-11,6999998092651","-8,66256237030029","-5,5","-5,25","-3,16246771812439","-0,800000011920929",,,
1964,"-95,9284453311342","-82,7520186874503","-69,262677807066","-79,0365600585938","-67,2147521972656","-54,3730010986328","-34,9296226501465","-32,6651763916016","-28,5854835510254","-29,6499996185303","-23,3474903106689","-14,1499996185303","-16,5499992370606","-13,7557191848755","-11,0500001907349","-8,60000038146973","-6,02193784713745","-3,45000004768372","1,54999995231628","8,60179233551025","15,75","12,3500003814697","18,6663608551025","25,1000003814697","-11,5500001907349","-8,55173873901367","-5,40000009536743","-4,80000019073486","-2,72405529022217","-0,349999994039536",,,
1965,"-89,7409856633363","-76,6554273207086","-63,6753575881838","-79,5088043212891","-68,0869140625","-56,0507202148438","-34,8685188293457","-33,0799865722656","-30,3320159912109","-29,6000003814697","-23,219841003418","-14,25","-16,1000003814697","-13,3212156295776","-10,6499996185303","-8,5","-5,96715259552002","-3,40000009536743","0,949999988079071","7,52802181243897","14,25","11,5500001907349","17,5046215057373","23,5499992370605","-11,3999996185303","-8,42847061157227","-5,30000019073486","-4,69999980926514","-2,7579128742218","-0,600000023841858",,,
1966,"-95,5230603656195","-82,7498734488119","-69,9091237812634","-77,7742614746094","-67,1562881469727","-55,6594619750977","-33,4775581359863","-32,5255012512207","-31,3708667755127",-29,"-22,8588962554932","-14,1000003814697","-15,4499998092651","-12,5909910202026","-9,94999980926514","-8,35000038146973","-5,91324043273926","-3,40000009536743","0,300000011920929","6,75874376296997","13,3000001907349","11,25","17,1082859039307","23,0499992370606","-11,1999998092651","-8,27964210510254","-5,19999980926514","-5,5","-3,27906966209412",-1,,,
1967,"-95,2691341364577","-82,9669471205068","-70,3416361383362","-79,1898651123047","-68,5865173339844","-57,015869140625","-35,6195793151855","-33,7475814819336","-31,2398891448975","-28,75","-22,5268936157227","-14,1000003814697","-15,0500001907349","-12,222900390625","-9,60000038146973","-8,25","-5,85902643203735","-3,40000009536743","-0,550000011920929","5,79821872711182","12,1000003814697","10,6999998092651","16,3491535186768",22,"-11,1000003814697","-8,18447780609131","-5,15000009536743","-5,69999980926514","-3,57909369468689","-1,29999995231628",,,
1968,"-97,0864440355286","-84,9956834961968","-72,759707621004","-82,2949829101563","-71,6141052246094","-60,3909034729004","-38,7107315063477","-35,797233581543","-34,2573204040527","-28,4500007629394","-22,3152675628662","-13,8000001907349","-14,3999996185303","-11,6632957458496","-9,10000038146973","-8,14999961853027","-5,80386304855347","-3,34999990463257",-2,"3,99829721450806","10,1499996185303",10,"15,2354211807251","20,5499992370606","-10,8999996185303","-8,04140186309814",-5,"-6,80000019073486","-4,41112232208252",-2,,,
1969,"-96,8277370676549","-84,6799666056652","-72,3575580220954","-79,958740234375","-69,4157333374023","-58,680103302002","-37,8965492248535","-35,12060546875","-33,0005683898926","-27,8500003814697","-21,8437194824219","-13,4499998092651",-14,"-11,2549333572388","-8,69999980926514","-8,05000019073486","-5,75037813186646","-3,34999990463257","-1,14999997615814","4,58483171463013","10,3999996185303","9,69999980926514","14,8409147262573","20,0499992370605","-10,75","-7,91063261032105","-4,94999980926514","-5,80000019073486","-3,55825972557068","-1,20000004768372",,,
1970,"-97,0336429715599","-84,9043726436803","-72,3443218565578","-80,1321105957031","-69,3980102539063","-58,5493392944336","-37,0866928100586","-34,4797821044922","-31,4940547943115","-27,3999996185303","-21,5511035919189","-13,3999996185303","-13,8000001907349","-11,1017360687256","-8,64999961853027","-7,94999980926514","-5,69660377502441","-3,34999990463257","-2,04999995231628","3,46351909637451","9,10000038146973","9,05000019073486","13,8841342926025","18,8500003814697","-10,6499996185303","-7,81126880645752","-4,84999990463257","-6,15000009536743","-3,82716965675354","-1,45000004768372",,,
1971,"-84,7474495426664","-72,7613965752163","-60,0593452231067","-77,8345489501953","-67,6887512207031","-57,0261535644531","-34,2811622619629","-32,3661918640137","-29,9324607849121","-26,8500003814697","-21,0833225250244","-13,0500001907349","-13,25","-10,6160554885864","-8,25","-7,80000019073486","-5,64149618148804","-3,34999990463257","-3,45000004768372","2,05781126022339","7,44999980926514","8,69999980926514","13,4477462768555","18,25","-10,4499998092651","-7,65374660491943","-4,75","-7,15000009536743","-4,95760202407837","-2,70000004768372",,,
1972,"-90,3555091127003","-78,4880142330549","-65,8192246398901","-76,4630737304688","-66,6008834838867","-56,3223724365234","-32,7649459838867","-31,2297840118408","-28,5278396606445","-26,4500007629394","-21,041805267334","-13,1999998092651","-13,5500001907349","-10,9183597564697","-8,55000019073486","-7,75","-5,58688879013062","-3,29999995231628",-3,"2,21430563926697","7,34999990463257","8,19999980926514","12,7030210494995","17,2999992370606","-10,1999998092651","-7,47228002548218","-4,59999990463257","-6,25","-4,23748970031738","-1,95000004768372",,,
1973,"-96,0254654517488","-83,2453676890826","-70,7546040069958","-76,8260803222656","-67,1278610229492","-56,6484756469727","-33,0665817260742","-30,4710998535156","-27,4811916351318","-26,2000007629394","-20,7678737640381","-13,1999998092651","-13,3999996185303","-10,9673109054565","-8,69999980926514","-7,65000009536743","-5,533118724823","-3,29999995231628","-4,40000009536743","0,658904671669006","5,65000009536743","7,80000019073486","12,1445684432983","16,5499992370606","-10,0500001907349","-7,33519124984741","-4,5","-7,44999980926514","-5,37920808792114","-3,09999990463257",,,
1974,"-89,2770663536945","-76,7789044153547","-64,2358342443935","-80,2600860595703","-70,7619171142578","-60,5836639404297","-32,2573089599609","-29,4983177185059","-26,1597213745117","-25,75","-20,3597183227539","-13,0500001907349","-13,0500001907349","-10,7262649536133","-8,44999980926514","-7,55000019073486","-5,47868251800537","-3,25","-9,39999961853027","-4,62443733215332","0,150000005960465","7,19999980926514","11,2998781204224","15,5","-9,85000038146973","-7,19554233551025","-4,40000009536743",-12,"-9,98402786254883","-7,59999990463257",,,
1975,"-79,8173519996272","-68,1208105652144","-56,1592341941841","-74,6926193237305","-65,8218460083008","-56,1626777648926","-28,7084712982178","-27,0093364715576","-24,0769691467285","-25,3500003814697","-20,0441570281982",-13,"-13,0500001907349","-10,6700868606567","-8,44999980926514","-7,40000009536743","-5,42494630813599","-3,25","-7,44999980926514","-2,60790205001831","2,04999995231628","6,84999990463257","10,828070640564","14,8500003814697","-9,60000038146973","-6,99841976165772","-4,25","-9,85000038146973","-7,68708562850952","-5,40000009536743",,,
1976,"-89,15255434201","-78,0958287928324","-66,6936435406515","-75,5628204345703","-65,7903900146484","-55,1183586120605","-30,2882423400879","-27,3948936462402","-22,385066986084","-25,1499996185303","-19,9175777435303",-13,"-13,1999998092651","-10,8467817306519","-8,64999961853027","-7,34999990463257","-5,36997604370117","-3,25","-6,84999990463257","-2,19648838043213","2,25","6,55000019073486","10,3517694473267","14,25","-9,39999961853027","-6,84500122070313","-4,15000009536743",-9,"-6,95035696029663","-4,65000009536743",,,
1977,"-84,8394196023222","-73,4610832110235","-61,824005665718","-72,4053955078125","-63,111198425293","-53,2035140991211","-29,1346740722656","-26,2074241638184","-21,9510440826416","-24,4500007629394","-19,3583812713623","-12,5500001907349","-13,1000003814697","-10,8426094055176","-8,80000019073486","-7,25","-5,31653308868408","-3,25","-5,75","-1,32666909694672","3,09999990463257","6,09999990463257","9,71285533905029","13,3999996185303","-9,19999980926514","-6,66391134262085",-4,"-7,65000009536743","-5,61846685409546","-3,34999990463257",,,
1978,"-88,8153011468321","-78,1371043046887","-66,7270170488922","-75,1148300170898","-65,0845718383789","-54,6103591918945","-30,5372676849365","-25,8825416564941","-20,8207683563232","-23,7000007629394","-18,7526397705078","-12,1999998092651","-12,9499998092651","-10,7660894393921","-8,69999980926514","-7,15000009536743","-5,26205110549927","-3,20000004768372","-8,60000038146973","-4,34893703460693","-0,150000005960465","5,65000009536743","9,05540657043457","12,5500001907349","-9,05000019073486","-6,52600193023682","-3,90000009536743","-10,1999998092651","-8,13386154174805","-5,80000019073486",,,
1979,"-79,9207120473718","-68,2542075498973","-56,9593495402796","-75,6350555419922","-65,2159729003906","-53,6738052368164","-31,1256847381592","-26,2327289581299","-19,438570022583","-22,7000007629394","-18,1292114257813","-11,5","-12,75","-10,6571407318115","-8,64999961853027","-7,05000019073486","-5,20769882202148","-3,20000004768372","-9,10000038146973","-4,91507387161255","-0,949999988079071","5,30000019073486","8,61532402038574",12,"-8,80000019073486","-6,34281730651856","-3,79999995231628","-10,6499996185303","-8,44412422180176","-6,15000009536743",,,
1980,"-81,5141979396527","-70,5558023966038","-59,0000189102489","-67,8798675537109","-59,2900581359863","-50,4651412963867","-25,6109371185303","-23,102029800415","-19,7749176025391","-22,2999992370605","-17,6875076293945","-11,3500003814697","-12,3999996185303","-10,3681497573853","-8,39999961853027",-7,"-5,15338659286499","-3,15000009536743","-6,94999980926514","-2,91020178794861","0,949999988079071","4,90000009536743","8,06053829193115","11,25","-8,55000019073486","-6,15703725814819","-3,65000009536743","-8,35000038146973","-6,06521511077881","-3,75",,,
1981,"-64,2926388729881","-53,3749720730904","-42,1887697911548","-67,6962661743164","-59,4904899597168","-51,1315689086914","-26,1012020111084","-23,4769783020019","-20,8518524169922",-22,"-17,2354907989502","-11,1499996185303","-11,8500003814697","-9,84093284606934","-7,90000009536743","-6,94999980926514","-5,09927415847778","-3,15000009536743","-7,59999990463257","-3,76499509811401","-0,100000001490116","4,34999990463257","7,31017541885376","10,3500003814697","-8,35000038146973","-5,95066165924072","-3,45000004768372","-8,75","-6,38127136230469","-4,15000009536743",,,
1982,"-72,4210531541354","-61,6258329673576","-50,6775131884533","-68,7534332275391","-60,3660392761231","-51,6909942626953","-27,6134567260742","-24,7959880828857","-21,0038795471191","-21,5","-16,8574657440186","-10,8500003814697","-11,3999996185303","-9,45376110076904","-7,5","-6,84999990463257","-5,04456758499146","-3,09999990463257","-7,90000009536743","-4,13998222351074","-0,550000011920929","4,15000009536743","6,96629667282105","9,94999980926514","-8,05000019073486","-5,73711490631104","-3,29999995231628","-8,75","-6,62533330917358","-4,34999990463257",,,
1983,"-69,0471916705705","-58,2316447432601","-47,1378891669994","-70,0081939697266","-60,8504867553711","-51,0665969848633","-30,0512523651123","-26,2221946716309","-21,0331897735596","-21,2999992370605","-16,609697341919","-10,8999996185303","-11,6999998092651","-9,68694972991943","-7,75","-6,75","-4,99115180969238","-3,09999990463257","-6,90000009536743","-3,27022886276245","0,25","3,75","6,49040699005127","9,35000038146973","-7,84999990463257","-5,55240249633789","-3,15000009536743","-7,65000009536743","-5,46249628067017","-3,09999990463257",,,
1984,"-69,4058072631599","-58,5520539561791","-47,892287714686","-71,1159362792969","-61,0249099731445","-51,3709335327148","-31,5907611846924","-25,93332862854","-20,9846572875977","-20,5499992370606","-16,0170764923096","-10,6000003814697","-11,75","-9,82217121124268",-8,"-6,69999980926514","-4,93604612350464","-3,04999995231628","-7,80000019073486","-4,24309158325195","-0,850000023841858","3,40000009536743","6,01416349411011","8,80000019073486","-7,65000009536743","-5,38098096847534","-3,04999995231628","-8,39999961853027","-6,13423490524292","-3,84999990463257",,,
1985,"-74,011201452724","-64,1774129758791","-53,8626704997235","-67,920539855957","-59,342700958252","-50,651741027832","-28,2662315368652","-24,255558013916","-20,3139114379883","-19,8999996185303","-15,4776725769043","-10,0500001907349","-11,3999996185303","-9,61028480529785","-7,80000019073486","-6,65000009536743","-4,8826699256897","-3,04999995231628","-8,35000038146973","-5,04300928115845","-1,85000002384186","3,09999990463257","5,64810800552368","8,35000038146973","-7,40000009536743","-5,19377279281616","-2,90000009536743","-8,80000019073486","-6,75428342819214","-4,55000019073486",,,
1986,"-66,7908544645915","-56,8762686389741","-46,9292030247583","-64,7870025634766","-57,3953132629395","-49,5029106140137","-24,3298740386963","-22,5791339874268","-19,5860767364502","-19,5","-15,1290092468262","-9,75","-11,1499996185303","-9,43539237976074","-7,69999980926514","-6,59999990463257","-4,82749748229981",-3,"-8,44999980926514","-5,348708152771","-2,25","2,59999990463257","4,90799474716187","7,40000009536743","-7,15000009536743","-5,02185153961182","-2,75","-8,55000019073486","-6,49382066726685","-4,25",,,
1987,"-69,6003560096569","-59,4440105725934","-49,2162859213395","-61,868522644043","-54,2368659973145","-46,2229957580566","-25,0423851013184","-22,7514801025391","-19,1266937255859","-19,0499992370606","-14,8093729019165","-9,69999980926514","-11,1000003814697","-9,43642616271973","-7,69999980926514","-6,55000019073486","-4,77335023880005","-2,95000004768372","-5,40000009536743","-2,39538717269897","0,600000023841858","2,20000004768372","4,38950443267822","6,75","-6,90000009536743","-4,7859001159668","-2,54999995231628","-5,40000009536743","-3,25309300422668","-0,949999988079071",,,
1988,"-72,69957060264","-62,0667956876169","-51,6883498566328","-60,5976676940918","-52,9583396911621","-45,4491004943848","-24,89919090271","-21,7001304626465","-18,7113361358643","-18,5499992370606","-14,3458518981934","-9,5","-10,8000001907349","-9,1643648147583","-7,5","-6,44999980926514","-4,71889686584473","-2,90000009536743","-6,05000019073486","-2,95502710342407",0,"1,89999997615814","3,98834657669067","6,30000019073486","-6,59999990463257","-4,54694509506226","-2,34999990463257","-5,90000009536743","-3,65167117118835","-1,29999995231628",,,
1989,"-64,497199946215","-54,9392179084318","-45,5490403256091","-62,130615234375","-54,4165802001953","-46,3818054199219","-25,8303070068359","-22,1361179351807","-18,407958984375","-17,8999996185303","-13,8162393569946","-9,14999961853027","-10,3999996185303","-8,80120849609375","-7,15000009536743","-6,34999990463257","-4,66561985015869","-2,84999990463257","-7,75","-4,92372226715088","-2,04999995231628","1,64999997615814","3,67584705352783","5,90000009536743","-6,30000019073486","-4,26452589035034","-2,15000009536743","-7,75","-5,5918173789978","-3,34999990463257",,,
1990,"-61,665978359097","-51,6767467423499","-41,222095166251","-60,8596801757813","-53,0470199584961","-45,0873565673828","-26,0827560424805","-22,0145206451416","-18,354118347168","-16,8500003814697","-12,9512786865234","-8,75","-10,1999998092651","-8,59201240539551","-7,05000019073486","-6,30000019073486","-4,61025190353394","-2,79999995231628","-7,59999990463257","-4,80340337753296","-2,09999990463257","1,39999997615814","3,34890532493591","5,5","-5,94999980926514","-3,98477697372436","-1,89999997615814","-7,59999990463257","-5,42502737045288","-3,15000009536743",,,
1991,"-72,9625316793525","-59,2402429134789","-45,1911950715718","-55,2706909179688","-48,7404594421387","-42,1134948730469","-21,4078311920166","-19,3201141357422","-17,2255001068115","-16,1000003814697","-12,28005027771","-8,39999961853027","-9,94999980926514","-8,40636348724365","-6,90000009536743","-6,25","-4,5569543838501","-2,75","-6,84999990463257","-4,10218095779419","-1,45000004768372","1,14999997615814","3,04669690132141","5,15000009536743","-5,69999980926514","-3,76664662361145","-1,70000004768372","-6,75","-4,63958644866943","-2,45000004768372",,,
1992,"-70,5075481996068","-59,8817471980951","-49,0729537170515","-54,454460144043","-47,3032760620117","-39,6741714477539","-22,7363624572754","-19,3772926330566","-15,5241785049438","-15,6999998092651","-12,1089525222778","-8,19999980926514","-10,0500001907349","-8,64811611175537","-7,34999990463257","-6,44999980926514","-4,71453046798706","-2,84999990463257","-5,05000019073486","-2,38276934623718","0,100000001490116","0,850000023841858","2,66937279701233","4,69999980926514","-5,40000009536743","-3,52106857299805","-1,45000004768372","-4,84999990463257","-2,78646278381348","-0,550000011920929",,,
1993,"-68,8197531093297","-58,9102756549821","-48,7227317062032","-56,5785865783691","-49,3942184448242","-41,1701507568359","-22,6671524047852","-19,7574901580811","-15,1238298416138","-14,8500003814697","-11,3604669570923","-7,44999980926514","-9,85000038146973","-8,55727100372314","-7,30000019073486","-6,5","-4,68306636810303","-2,59999990463257","-7,59999990463257","-4,96076536178589","-2,29999995231628","0,600000023841858","2,40609979629517","4,40000009536743","-5,15000009536743","-3,31174302101135","-1,29999995231628","-7,59999990463257","-5,31236124038696","-3,04999995231628","-61,737907409668","-53,3236503601074","-44,4719352722168"
1994,"-68,8872835476393","-56,0722747487407","-42,5410544606197","-53,4293899536133","-47,2824745178223","-40,6180801391602","-20,6903114318848","-18,8200626373291","-15,8272247314453",-14,"-10,6643018722534","-6,94999980926514","-9,55000019073486","-8,31608390808106","-7,09999990463257",-6,"-4,3457202911377","-2,40000009536743","-7,55000019073486","-5,06140613555908","-2,59999990463257","0,25","1,97623956203461","3,90000009536743","-4,80000019073486","-3,06343841552734","-1,10000002384186","-7,34999990463257","-5,23071050643921",-3,"-57,1608619689941","-49,4444465637207","-41,5309143066406"
1995,"-60,3386353346586","-45,170020524201","-29,7838620433812","-51,625129699707","-45,3987846374512","-38,2637176513672","-22,1541271209717","-19,7844409942627","-15,9725332260132","-12,8999996185303","-9,83860111236572","-6,5",-9,"-7,78167867660522","-6,65000009536743","-5,69999980926514","-4,10089635848999","-2,29999995231628","-6,19999980926514","-3,81850481033325","-1,35000002384186","0,0500000007450581","1,72812628746033","3,59999990463257","-4,55000019073486","-2,86973476409912","-0,949999988079071","-5,94999980926514","-3,93215847015381","-1,75","-52,7632751464844","-45,4197731018066","-38,1886138916016"
1996,"-58,4732717026467","-49,7550532863238","-40,8493638443972","-47,5212478637695","-42,4551391601563","-37,0968627929687","-17,8913993835449","-16,7362594604492","-14,9399900436401","-12,3500003814697","-9,57886028289795","-6,34999990463257","-9,35000038146973","-8,15556621551514","-7,09999990463257","-5,5","-3,97762441635132","-2,29999995231628","-6,34999990463257","-3,93196082115173","-1,45000004768372","-0,100000001490116","1,49511289596558","3,34999990463257","-4,30000019073486","-2,66929292678833","-0,800000011920929","-6,15000009536743","-4,01327276229858","-1,70000004768372","-51,1157341003418","-44,5584106445313","-37,8557739257812"
1997,"-47,3813961499705","-36,2053346861462","-25,2540096217842","-47,4645118713379","-42,0563812255859","-36,4818840026855","-18,7315692901611","-16,4243431091309","-14,3483734130859","-11,1999998092651","-8,88514137268066","-5,80000019073486","-9,25","-8,12917900085449","-7,09999990463257","-5,19999980926514","-3,82349133491516","-2,25","-7,25","-4,71849584579468","-2,20000004768372","-0,349999994039536","1,23518002033234","3,04999995231628","-4,05000019073486","-2,4430615901947","-0,600000023841858","-7,09999990463257","-4,76451778411865","-2,45000004768372","-46,8902015686035","-40,6322402954102","-34,5686302185059"
1998,"-45,7410838611015","-35,758927488481","-25,9037557063449","-44,7746276855469","-39,2991828918457","-33,8272857666016","-18,6973133087158","-16,193286895752","-13,4824819564819","-10,1999998092651","-7,96499109268189","-5,25","-8,69999980926514","-7,75757551193237","-6,84999990463257",-5,"-3,65032148361206","-2,09999990463257","-5,94999980926514","-3,65807723999023","-1,25","-0,600000023841858","0,901980221271515","2,70000004768372","-3,75","-2,16583371162415","-0,349999994039536","-5,80000019073486","-3,64451432228088","-1,35000002384186","-47,7734870910645","-41,8815155029297","-35,9079513549805"
1999,"-48,2950382116566","-32,66100931521","-17,5174440507759","-41,1708793640137","-36,8382873535156","-32,4398498535156","-15,7012376785278","-14,1232662200928","-12,8578004837036","-9,30000019073486","-7,36759996414185","-4,94999980926514","-8,35000038146973","-7,47992658615112","-6,65000009536743","-4,55000019073486","-3,36049056053162",-2,"-6,59999990463257","-4,43297910690308","-2,09999990463257","-0,949999988079071","0,567575931549072","2,34999990463257","-3,40000009536743","-1,83730530738831","-0,0500000007450581","-6,55000019073486","-4,40909624099731","-2,15000009536743","-43,5925445556641","-37,8513298034668","-32,1033706665039"
2000,"-39,1623366051838","-30,4919462499163","-22,0579945217388","-42,0902137756348","-37,4208297729492","-32,4944763183594","-16,5365867614746","-14,5573921203613","-11,9244079589844","-8,64999961853027","-6,8687424659729","-4,84999990463257",-8,"-7,19333028793335","-6,40000009536743","-4,19999980926514","-3,13607120513916","-1,95000004768372","-7,69999980926514","-5,59040975570679","-3,29999995231628","-1,20000004768372","0,251298099756241",2,"-3,04999995231628","-1,54152715206146","0,200000002980232","-7,69999980926514","-5,54145526885986","-3,25","-40,3389167785645","-34,4081878662109","-28,6325492858887"
2001,"-38,0356160637526","-28,5066996801476","-19,1406040775898","-35,2252082824707","-31,1711444854736","-27,0328865051269","-13,4888515472412","-11,6631193161011","-9,92884349822998","-7,69999980926514","-6,27694606781006","-4,55000019073486","-7,59999990463257","-6,90533113479614","-6,19999980926514","-4,05000019073486","-2,97957158088684","-1,89999997615814","-5,40000009536743","-3,27043390274048","-0,899999976158142","-1,5","-0,0222130604088306","1,70000004768372","-2,70000004768372","-1,21753180027008","0,5","-5,40000009536743","-3,26815843582153","-0,949999988079071","-34,9177551269531","-29,1489410400391","-23,5924224853516"
2002,"-26,0623569869656","-18,6964974599897","-10,8565096351821","-27,7787799835205","-24,6110610961914","-21,1714649200439","-9,53989410400391","-8,33960056304932","-7,35495233535767","-6,75","-5,65581464767456","-4,5","-6,84999990463257","-6,26205778121948","-5,65000009536743","-3,75","-2,87156891822815","-1,95000004768372","-3,45000004768372","-1,41332495212555","0,850000023841858","-1,75","-0,315727949142456","1,39999997615814","-2,34999990463257","-0,893568158149719","0,850000023841858","-3,5","-1,43815052509308","0,800000011920929","-29,8377285003662","-25,7655925750732","-21,815185546875"
2003,"-22,6546664724225","-14,9081006873436","-7,55543517838333","-21,9775085449219","-19,1752529144287","-15,5759735107422","-6,84770059585571","-5,61647653579712","-3,47875475883484","-5,09999990463257","-4,7529993057251","-4,40000009536743",-6,"-5,56580781936646","-5,19999980926514","-3,29999995231628","-2,56050109863281","-1,70000004768372","-2,04999995231628","-0,617242872714996","1,10000002384186","-2,04999995231628","-0,617242872714996","1,10000002384186","-2,04999995231628","-0,617242872714996","1,10000002384186","-2,04999995231628","-0,617242872714996","1,10000002384186","-26,7373199462891","-22,9545021057129","-19,2224025726318"
2004,"-36,8104137629803","-29,0890068352554","-21,2795207687505","-22,0857696533203","-19,9672222137451","-17,5089473724365","-6,50155210494995","-5,63807249069214","-4,99184560775757","-4,30000019073486","-3,97841930389404","-3,70000004768372","-5,25","-4,88571453094482","-4,59999990463257","-2,70000004768372","-2,08014917373657","-1,35000002384186","-4,59999990463257","-3,30855870246887","-1,79999995231628",,,,,,,,,,"-24,0588932037353","-20,4872760772705","-16,8725299835205"
2005,"-30,6247599382532","-22,8293013086635","-15,196448710819","-18,3276901245117","-16,5983848571777","-14,5795135498047","-5,50025987625122","-4,90837717056274","-4,18990802764893","-3,75","-3,45207452774048","-3,20000004768372","-4,59999990463257","-4,25596380233765",-4,"-2,70000004768372","-2,15408372879028","-1,54999995231628","-2,79999995231628","-1,75129151344299","-0,449999988079071",,,,,,,,,,"-18,9636783599854","-15,4718217849731","-11,9384679794312"
2006,"-18,8485028181761","-11,0664403466561","-3,25176887133079","-15,6363105773926","-13,8278245925903","-11,7091207504272","-4,63846635818481","-3,67144060134888","-2,41541051864624","-2,90000009536743","-2,64424967765808","-2,45000004768372","-3,75","-3,49252510070801","-3,29999995231628","-2,84999990463257","-2,41437196731567","-1,89999997615814","-2,40000009536743","-1,5300577878952","-0,5",,,,,,,,,,"-17,2678966522217","-14,0379962921143","-10,6194667816162"
2007,"-23,9048185384838","-16,8956292529317","-9,36261258994813","-15,5145931243897","-13,4980230331421","-11,6752948760986","-6,01804447174072","-4,62490606307983","-3,47075510025024","-2,20000004768372","-1,97713196277618","-1,79999995231628","-2,90000009536743","-2,68413352966309","-2,5","-2,20000004768372","-1,84638142585754","-1,45000004768372","-2,95000004768372","-2,29047393798828","-1,45000004768372",,,,,,,,,,"-16,2067031860352","-12,8978633880615","-9,52406311035156"
2008,"-17,1959871491867","-9,37122700149023","-2,22495868852165","-10,6026763916016","-9,29407978057861","-8,0722827911377","-3,69633221626282","-2,78329372406006","-2,08125686645508","-1,60000002384186","-1,44865393638611","-1,29999995231628","-2,04999995231628","-1,89574718475342","-1,79999995231628","-1,29999995231628","-1,03390252590179","-0,75","-2,59999990463257","-2,05715441703796","-1,45000004768372",,,,,,,,,,"-12,7715606689453","-10,1792430877686","-7,60121202468872"
2009,"-14,8140197146466","-7,32473057512789","-0,13889248231817","-6,31746625900269","-5,36074686050415","-3,90431523323059","-1,84262144565582","-1,15100240707398","0,0607455223798752","-0,949999988079071","-0,809522449970245","-0,649999976158142","-1,29999995231628","-1,21483063697815","-1,14999997615814","-1,25","-1,07840764522553","-0,899999976158142","-1,35000002384186","-1,03245651721954","-0,649999976158142",,,,,,,,,,"-8,07176399230957","-5,37440252304077","-2,64044523239136"
2010,"-11,3328271656412","-2,86612835779353","5,7287206205814","-2,84663677215576","-2,38682675361633","-1,85443186759949","-1,9854861497879","-1,59874582290649","-1,13780236244202",0,"0,104114554822445","0,25","-0,150000005960465","-0,100957319140434","-0,0500000007450581","-0,300000011920929","-0,235720157623291","-0,150000005960465","-0,75","-0,527471303939819","-0,300000011920929",,,,,,,,,,"-6,71763420104981","-4,04171323776245","-1,3893883228302"
2011,"-14,194033125955","-7,19466129439582","0,137572283213132","-2,14129829406738","-1,67728769779205","-1,14531850814819","-0,84312516450882","-0,459240943193436","-0,00197627581655979","0,600000023841858","0,73404449224472","0,850000023841858","1,20000004768372","1,21417534351349","1,25",0,"0,0871067941188812","0,150000005960465","-3,54999995231628","-3,3272922039032","-3,09999990463257",,,,,,,,,,"-6,98678970336914","-4,30993461608887","-1,73206341266632"
2012,"4,00572797634679","12,1974648621835","20,138640028619","4,91852951049805","5,7785267829895","6,61132431030273","0,553805351257324","1,17953789234161","1,80245888233185","0,850000023841858","1,00062096118927","1,14999997615814","2,34999990463257","2,40448784828186","2,5","0,200000002980232","0,382881075143814","0,550000011920929","0,349999994039536","0,736777544021606","1,10000002384186",,,,,,,,,,"3,31651329994202","5,97680854797363","8,58024787902832"
2013,"-2,19572195364762","6,37017388457511","14,942652052709","8,95551300048828","9,9724702835083","10,9316062927246","2,74045515060425","3,11260533332825","3,66937899589539","1,70000004768372","1,86744916439056","2,04999995231628","3,34999990463257","3,44377064704895","3,59999990463257","0,800000011920929","1,07997107505798","1,29999995231628","-0,150000005960465","0,398771911859512","0,899999976158142",,,,,,,,,,"6,04817056655884","8,81441688537598","11,5920572280884"
2014,"3,50292367429023","11,8689358283746","20,2580647026525","10,8683795928955","12,1647748947144","13,2483806610107","4,30854368209839","4,67003202438355","5,02870655059815","2,45000004768372","2,60780334472656","2,79999995231628","3,70000004768372","3,84954833984375","4,05000019073486","1,39999997615814","1,77005100250244","2,09999990463257","-1,60000002384186","-0,759096682071686","-0,0500000007450581",,,,,,,,,,"9,59737014770508","12,3168821334839","15,094144821167"
2015,"9,21625855701512","17,8695206732454","26,5917465214115","18,9382991790771","20,6886920928955","22,1586265563965","5,93352556228638","6,74469900131226","7,23951625823975","3,20000004768372","3,39266061782837","3,65000009536743","4,19999980926514","4,42998695373535","4,69999980926514","2,20000004768372","2,70155787467956","3,15000009536743","2,29999995231628","3,3440945148468","4,25",,,,,,,,,,"20,3476867675781","23,3422374725342","26,3919734954834"
2016,"15,5105500047586","23,941862266746","32,672988515873","21,1220798492432","23,2921695709229","25,2377605438232","5,68613958358765","6,47246313095093","7,42035913467407","3,84999990463257","4,09802484512329","4,34999990463257","4,94999980926514","5,1817569732666","5,5","1,89999997615814","2,51193070411682","3,04999995231628","3,65000009536743","4,95352411270142",6,,,,,,,,,,"22,6681842803955","25,7282314300537","28,8323059082031"
2017,"22,3122918056105","32,358047842687","42,6734139845188","21,9635505676269","24,3489990234375","26,4689922332764","7,52871704101563","8,04831790924072","8,81284713745117","4,65000009536743","4,9859209060669","5,34999990463257","5,5","5,83257007598877","6,19999980926514","1,89999997615814","2,65241837501526","3,29999995231628","1,20000004768372","2,75521969795227","4,05000019073486",,,,,,,,,,"24,3090209960937","27,7585487365723","31,2426948547363"
2018,"24,9935631026853","35,6357177618357","46,213761627049","22,9454078674316","25,6928939819336","28,1527996063232","7,73721265792847","8,56351470947266","9,5600004196167","4,84999990463257","5,27203845977783","5,75","5,59999990463257","5,96942090988159","6,40000009536743","2,95000004768372","3,81002140045166","4,55000019073486","0,200000002980232","2,00524473190308","3,45000004768372",,,,,,,,,,"28,0277881622314","31,5833568572998","35,1110877990723"
